method_name,validation_status,confidence,board,publisher,standard,medium,subject,book,chapter,section,pages,learning_focus,intended_learners_context,teaching_approach,instructional_procedure,student_effort,learning_connection,questions_or_prompts,resources_setup,practical_conditions,indications_of_learning,source_evidence,validation_reason,missing_information,source_quality,inference_notes
Paper Chromatography through Capillary Separation,VALID_METHOD,HIGH,Maharashtra State Board,Balbharati,Standard SEVEN,English,Science,Maharashtra State Board Grade 7 Science,Chapter 6: Measurement and Physical Properties of Substances,,Page 1,Separation of components of a mixture based on differences in constituent solubility,Standard SEVEN,Direct experiential observation of capillary solvent migration and dye separation,"Take a rectangular strip of filter paper (approximately 15 cm x 2 cm). | Draw a pencil line 2 cm from the bottom edge and place a drop of blue ink on it, allowing it to dry. | Suspend paper strip vertically in a beaker containing 1 cm water, ensuring the ink spot remains above water level. | Observe water rising by capillary action and the ink spot separating into distinct colored bands at different heights. | Connect differential migration heights to differences in component solubility in the solvent.","Observation of capillary solvent ascent, Comparison of color band heights, Inference connecting band heights to constituent solubility","Observed differential movement connects physical migration directly to component solubility in the solvent, proving ink is a mixture.",Why do the different color components climb to different heights on the filter paper?,"250 ml glass beaker, Whatman filter paper strip (15 cm x 2 cm), Blue writing ink, Water, Pencil and ruler",Paper must be placed upright; ink spot must be kept above water level.,"Identify ink as a mixture, Explain differential migration based on solubility","Take a rectangular strip of filter paper... put a drop of blue ink at about 2 cm from one edge... as water rises, the ink spot separates into two or more distinct colored bands at different heights.","VALID_METHOD: Source provides a complete, source-supported instructional sequence with apparatus, student observations, and an explicit conceptual connection to mixture separation.",None,CLEAN,None
Isolated End-of-Chapter Assessment Questions,REJECTED,HIGH,Maharashtra State Board,Balbharati,Standard SEVEN,English,Science,Maharashtra State Board Grade 7 Science,Chapter 6: Measurement and Physical Properties (Continued),,Page 2,Summative topic review,Standard SEVEN,Not specified in source.,Not specified in source.,Rote recall / answering test questions,Not explicitly established in source.,1. What is meant by chromatography? | 2. Which property forms the basis for separating components in chromatography? | 3. Give two real-world examples of mixtures separated by physical methods.,Not specified in source.,Not specified in source.,Written examination answers,"Chapter 6: Measurement and Physical Properties (Continued)
Classroom Teaching Suggestions for Teachers:
• Teacher should conduct a discussion in the classroom about different mixtures seen in daily li",REJECTED: Standalone summative review questions do not constitute an instructional procedure.,Instructional procedure; Active learning connection; Teacher scaffolding,CLEAN,None
Magnetic Field Line Mapping using Iron Filings / Floating Pins,VALID_METHOD,HIGH,Maharashtra State Board,Balbharati,Standard SEVEN,English,Science,Maharashtra State Board Grade 7 Science,Chapter 19: Properties of a Magnetic Field,,Page 3,Visualizing lines of magnetic force and field intensity distribution around a bar magnet,Standard SEVEN,Physical visualization of invisible magnetic forces through particle alignment,Place a strong bar magnet horizontally in the center of a wooden table. | Cover the bar magnet with a smooth sheet of white cardboard. | Uniformly sprinkle iron filings thinly over the cardboard surface using a sifter. | Gently tap the cardboard edge 3-4 times with a fingertip. | Direct students to observe iron filings aligning into continuous curved lines between poles. | Guide students to observe line concentration at the poles compared to the center.,"Observation of self-aligning patterns under vibration, Sketching curved magnetic field lines, Comparison of field line density at poles vs center","Each iron filing becomes an induced magnetic dipole and aligns along the magnetic field vector. The curved paths physically visualize lines of force, and dense lines at poles demonstrate maximum field intensity.",Where is the concentration of iron filings highest?,"Strong bar magnet, Smooth sheet of white cardboard, Fine iron filings, Sifter",Flat non-metallic surface; avoid direct contact between filings and magnet poles.,"Sketch magnetic field lines around a bar magnet, Identify North and South pole concentration",Place a strong bar magnet... place white cardboard over it... sprinkle iron filings... tap gently... notice iron filings arrange themselves into distinct curved lines.,"VALID_METHOD: Full sequential procedure with physical apparatus, tactile tapping, active pattern observation, and explicit conceptual mapping to magnetic field vectors.",None,CLEAN,None
Standalone Teaching Resource Mention,REJECTED,HIGH,Maharashtra State Board,Balbharati,Standard SEVEN,English,Science,Maharashtra State Board Grade 7 Science,Chapter 19: Magnetic Field (Continued),,Page 4,Resource repository,Not specified in source.,Not specified in source.,Not specified in source.,Not specified in source.,Not explicitly established in source.,None,"Chapter 19: Magnetic Field (Continued), Observe and Discuss:, Look at the picture of the Earth's magnetic field on the board. Observe how compass needles point north.",Not specified in source.,Not specified in source.,"Chapter 19: Magnetic Field (Continued)
Observe and Discuss:
Look at the picture of the Earth's magnetic field on the board. Observe how compass needles point north.
Try this at home: Take a needle, st","REJECTED: Resources alone (videos, worksheets, apparatus) without an accompanying instructional sequence cannot be documented as a Teaching Method.",Instructional procedure; Student effort; Learning connection,CLEAN,None
Plant Identification through Morphological Differences,REVIEW_REQUIRED,MEDIUM,Maharashtra State Board,Balbharati,Standard SEVEN,English,Science,Maharashtra State Board Grade 7 Science,Chapter 2: Plants: Structure and Function,,Page 5,"Identifying plants using observable differences in their plant parts (roots, stems, leaves, flowers, fruits)",Standard SEVEN,Not specified in source.,"Source poses the question: 'What helps us to easily identify the plants around us?' and states that different plants have different roots, stems, leaves, flowers and fruits.","Observation of plant characteristics (inferred from text, but no concrete sequential protocol is commanded)","Source explicitly notes that differences in plant organs serve as identifying characteristics, but does not provide an instructional sequence linking observation to systematic classification.",What helps us to easily identify the plants around us?,Not specified in source.,Not specified in source.,"Identify plants using different characteristics of roots, stems, leaves, flowers and fruits","What helps us to easily identify the plants around us? Different plants have different roots, stems, leaves, flowers and fruits. We can identify plants with the help of these characteristics.","REVIEW_REQUIRED: Source establishes a clear learning focus (identifying plants by part differences), but provides no step-by-step instructional sequence, materials, or student tasks. The procedure is insufficiently specified.","Step-by-step instructional sequence for observing, recording, and comparing plant specimens; Specific plant specimens or observation criteria; Teacher guidance protocol",CLEAN,"Teachers often have students collect or observe local specimens, but this is an unsupported assumption not present in the text."
Geometric Construction of an Angle Bisector,VALID_METHOD,HIGH,Maharashtra State Board,Balbharati,Standard SEVEN,English,Science,Maharashtra State Board Grade 7 Science,Chapter 1: Basic Concepts in Geometry — Angle Bisector,,Page 6,Constructing an angle bisector using compass and ruler,Standard SEVEN,Direct geometric construction using drafting instruments,"Draw an angle ∠ABC of given measure using a protractor. | Place the compass point on vertex B and draw an arc cutting ray BA at P and ray BC at Q. | Place compass on P and draw an arc inside the angle; with the same radius, place compass on Q and draw an intersecting arc at O. | Draw ray BO to form the angle bisector dividing ∠ABC into two equal parts.","Drawing angle with protractor, Manipulating compass and drawing intersecting arcs, Verifying equality of divided angle measures","Equal compass radii ensure point O is equidistant from both rays, geometrically proving ray BO bisects the angle into two equal halves.",None,"Ruler, Protractor, Compass, Pencil",Geometric instrument box required; compass radius must remain unchanged when drawing intersecting arcs.,"Construct an angle bisector accurately, Demonstrate that the bisector divides an angle into two equal angles",Draw an angle ∠ABC... place compass point on vertex B... place compass on P and draw an arc... ray BO is the angle bisector.,"VALID_METHOD: Complete ordered procedural sequence with designated geometric tools, student construction steps, and explicit geometric reasoning.",None,CLEAN,None
